,Sample ID,Biospecimen Barcode Side,UIUD,PAM50,ER Status,PR Status,HER2 Status,QC Status,Proteome Cluster (see Fig. 3b),Phosphoproteome Cluster (see Fig. 3b),Phosphoproteome-pathways cluster (see Fig. 3d),runOrder,experiment,iTRAQReporterIon,CommonControl,GATA3 Mutation,PIK3CA Mutation,TP53 Mutation,PIK3CA missense mutation in helical domain all tumors,PIK3CA missense mutation in kinase domain all tumors,TP53 Nonsense/Frameshift all tumors,TP53 Missense mutation all tumors,TP53 missense mutations in DNA binding domain all tumors
TCGA-AO-A12D,AO-A12D,TCGA-AO-A12D-01A-41-A21V-30,1DC52613-0C9C-4107-A800-6CF8A5DBC1D7,Her2,Negative,Negative,Positive,pass,1.0,1.0,1.0,"1,13","01,05",114,YES,,,Frame_Shift_Del|Somatic|p.C242fs,0.0,0.0,1.0,,
TCGA-BH-A18Q,BH-A18Q,TCGA-BH-A18Q-01A-41-A21W-30,5188E257-2542-42DE-AB8F-D1011AA35509,Basal,Negative,Negative,Negative,pass,1.0,3.0,2.0,5,2,115,NO,,,Frame_Shift_Ins|Somatic|p.P76fs,0.0,0.0,1.0,,
TCGA-C8-A130,C8-A130,TCGA-C8-A130-01A-41-A21V-30,28E062F4-E9E6-468B-BF72-BA973B111CCB,Her2,Positive,Positive,Equivocal,pass,2.0,1.0,3.0,6,2,116,YES,,Missense_Mutation|Somatic|p.H1047R,Frame_Shift_Del|Somatic|p.N131fs,,1.0,1.0,,
TCGA-C8-A138,C8-A138,TCGA-C8-A138-01A-14-A21W-30,035ADBBA-464A-4569-9E07-8B6A6BD12407,Her2,Positive,Negative,Positive,pass,2.0,2.0,3.0,7,3,114,YES,,,Frame_Shift_Del|Somatic|p.L308fs,0.0,0.0,1.0,,
TCGA-E2-A154,E2-A154,TCGA-E2-A154-01A-41-A21V-30,7DC5DC2F-EE63-4A02-BF6D-950B8A913082,LumA,Positive,Positive,Negative,pass,3.0,3.0,2.0,8,3,115,NO,,Missense_Mutation|Somatic|p.H1047L,,,1.0,0.0,0.0,0.0
TCGA-C8-A12L,C8-A12L,TCGA-C8-A12L-01A-41-A21V-30,44DAA2B1-5B90-4430-8466-648EBBAAB29F,Her2,Negative,Negative,Positive,pass,1.0,1.0,4.0,11,4,115,NO,,Missense_Mutation|Somatic|p.H1047R,Missense_Mutation|Somatic|p.C238F,,1.0,,1.0,1.0
TCGA-A2-A0EX,A2-A0EX,TCGA-A2-A0EX-01A-41-A21V-30,78271500-147B-40C5-B789-0CF0C7CDBCE2,LumA,Positive,Positive,Negative,pass,3.0,3.0,2.0,12,4,116,NO,,Missense_Mutation|Somatic|p.E545K,,1.0,,0.0,0.0,0.0
TCGA-AN-A04A,AN-A04A,TCGA-AN-A04A-01A-31-A21W-30,8ED12A60-C75C-4805-813C-6510554BC9DA,LumA,Positive,Positive,Negative,pass,2.0,1.0,3.0,14,5,115,YES,Frame_Shift_Del|Somatic|p.P420fs,,,0.0,0.0,0.0,0.0,0.0
TCGA-BH-A0AV,BH-A0AV,TCGA-BH-A0AV-01A-32-A21V-30,15F6637A-B3FD-4827-9D26-C50B7B4DDE21,Basal,Negative,Negative,Negative,pass,3.0,3.0,2.0,15,5,116,NO,,,Missense_Mutation|Somatic|p.R248Q,0.0,0.0,,1.0,1.0
TCGA-C8-A12T,C8-A12T,TCGA-C8-A12T-01A-41-A21V-30,E8B7EC10-4F67-41F5-A418-0EF440C0A626,Her2,Positive,Positive,Positive,pass,2.0,2.0,4.0,18,6,116,YES,,Missense_Mutation|Somatic|p.E542K,,1.0,,0.0,0.0,0.0
TCGA-A8-A06Z,A8-A06Z,TCGA-A8-A06Z-01A-22-A21V-30,D0148F8E-928F-487F-BBFA-6B4C41504E94,LumB,Positive,Positive,Negative,pass,2.0,2.0,3.0,19,7,114,YES,,,,0.0,0.0,0.0,0.0,0.0
TCGA-A2-A0CM,A2-A0CM,TCGA-A2-A0CM-01A-11-A21V-30,330F7598-824C-4CD6-9303-A27FE74A6695,Basal,Negative,Negative,Negative,pass,1.0,1.0,4.0,21,7,116,YES,,,Frame_Shift_Del|Somatic|p.E204fs,0.0,0.0,1.0,,
TCGA-BH-A18U,BH-A18U,TCGA-BH-A18U-01A-61-A21W-30,CFC472B6-06F4-43F5-AC30-794CFD4C6400,LumB,Positive,Positive,Positive,pass,3.0,3.0,4.0,22,8,114,NO,,,Missense_Mutation|Somatic|p.E286K,0.0,0.0,,1.0,1.0
TCGA-A2-A0EQ,A2-A0EQ,TCGA-A2-A0EQ-01A-41-A21W-30,04217F65-2907-478B-B0C5-EB65370198DA,Her2,Negative,Negative,Positive,pass,1.0,1.0,4.0,24,8,116,NO,,Missense_Mutation|Somatic|p.H1047R,In_Frame_Del|Somatic|p.IY162in_frame_delN,,1.0,,,
TCGA-AR-A0U4,AR-A0U4,TCGA-AR-A0U4-01A-22-A21V-30,D2056664-A1CF-4687-B849-B79E62CC5A1D,Basal,Negative,Negative,Negative,pass,1.0,1.0,4.0,26,9,115,YES,,,Missense_Mutation|Somatic|p.H193Y,0.0,0.0,,1.0,1.0
TCGA-AO-A0J9,AO-A0J9,TCGA-AO-A0J9-01A-41-A21V-30,41E10A2D-308E-4E4A-B942-DB41175320B2,LumA,Positive,Positive,Negative,pass,3.0,2.0,1.0,29,10,115,YES,,,,0.0,0.0,0.0,0.0,0.0
TCGA-AR-A1AP,AR-A1AP,TCGA-AR-A1AP-01A-22-A21W-30,DB0A65F7-6823-48EE-B93F-8BF0E5B51D20,LumA,Positive,Positive,Negative,pass,2.0,3.0,2.0,31,11,114,YES,Splice_Site|Somatic|e4-2,,Nonsense_Mutation|Somatic|p.R196*,0.0,0.0,1.0,,
TCGA-AN-A0FK,AN-A0FK,TCGA-AN-A0FK-01A-22-A21W-30,A549E82C-436E-498C-8F7A-09F4D0987CF4,LumB,Positive,Positive,Negative,pass,2.0,1.0,3.0,32,11,115,NO,,,,0.0,0.0,0.0,0.0,0.0
TCGA-AO-A0J6,AO-A0J6,TCGA-AO-A0J6-01A-22-A21W-30,C24D8CDF-EF6F-427E-AF01-3F77B8534F3B,Basal,Negative,Negative,Negative,pass,3.0,3.0,2.0,33,11,116,YES,,,Frame_Shift_Del|Somatic|p.T211fs,0.0,0.0,1.0,,
TCGA-A7-A13F,A7-A13F,TCGA-A7-A13F-01A-51-A21V-30,4F3CC707-870E-473E-9F5D-9070E5AA498E,LumB,Positive,Positive,Negative,pass,2.0,2.0,3.0,35,12,115,YES,,,,0.0,0.0,0.0,0.0,0.0
TCGA-BH-A0E1,BH-A0E1,TCGA-BH-A0E1-01A-41-A21V-30,248D3774-EA4C-49E1-BA9E-FD010DC60978,LumA,Positive,Positive,Negative,pass,3.0,3.0,1.0,36,12,116,NO,,,,0.0,0.0,0.0,0.0,0.0
TCGA-A7-A0CE,A7-A0CE,TCGA-A7-A0CE-01A-41-A21V-30,BA492DE0-E9C3-4E5F-A16A-1350CCE28A01,Basal,Negative,Negative,Negative,pass,1.0,1.0,4.0,37,13,114,YES,,,Missense_Mutation|Somatic|p.T155P,0.0,0.0,,1.0,1.0
TCGA-A2-A0YC,A2-A0YC,TCGA-A2-A0YC-01A-41-A21V-30,F8B8D938-D790-431B-A90E-E29BF4841E76,LumA,Positive,Positive,Negative,pass,2.0,2.0,1.0,39,13,116,YES,,Missense_Mutation|Somatic|p.E545K,,1.0,,0.0,0.0,0.0
TCGA-AO-A0JC,AO-A0JC,TCGA-AO-A0JC-01A-41-A21V-30,2181DF52-4587-4243-9763-A530B2BD5331,LumB,Positive,Positive,Negative,pass,2.0,2.0,1.0,40,14,114,YES,,Missense_Mutation|Unknown|c.1633,,,,0.0,0.0,0.0
TCGA-A8-A08Z,A8-A08Z,TCGA-A8-A08Z-01A-12-A21V-30,CB9ACD97-F942-4124-AB68-B00EB23ED15F,LumA,Positive,Positive,Negative,pass,2.0,2.0,4.0,41,14,115,YES,,Missense_Mutation|Somatic|p.H1047R,,,1.0,0.0,0.0,0.0
TCGA-AR-A0TX,AR-A0TX,TCGA-AR-A0TX-01A-41-A21V-30,333CF9A4-C98D-4615-BE6B-BFACE9870CE2,Her2,Positive,Positive,Positive,pass,3.0,3.0,2.0,42,14,116,NO,,,Missense_Mutation|Somatic|p.Y205C,0.0,0.0,,1.0,1.0
TCGA-A8-A076,A8-A076,TCGA-A8-A076-01A-23-A21V-30,10737B8A-31F2-47E4-ACFA-1C54EF5918CA,Her2,Positive,Positive,Positive,pass,2.0,2.0,1.0,44,15,115,YES,,,,0.0,0.0,0.0,0.0,0.0
TCGA-AO-A126,AO-A126,TCGA-AO-A126-01A-22-A21W-30,E91B5EB5-C01A-49DB-9586-BB7DD70E6709,LumA,Positive,Positive,Negative,pass,2.0,2.0,3.0,45,15,116,YES,,Missense_Mutation|Somatic|p.E545K,,1.0,,0.0,0.0,0.0
TCGA-BH-A0C1,BH-A0C1,TCGA-BH-A0C1-01A-41-A21W-30,192B3B04-B471-4093-90BA-53EB2D050654,LumA,Positive,Positive,Negative,pass,1.0,1.0,4.0,47,16,115,NO,,,,0.0,0.0,0.0,0.0,0.0
TCGA-A2-A0EY,A2-A0EY,TCGA-A2-A0EY-01A-41-A21V-30,87BBBD20-9816-4B22-917A-27CE73B1C0CA,LumB,Positive,Negative,Positive,pass,3.0,3.0,1.0,48,16,116,NO,,Missense_Mutation|Somatic|p.G118D,Missense_Mutation|Somatic|p.Y234C,,,,1.0,1.0
TCGA-AR-A1AW,AR-A1AW,TCGA-AR-A1AW-01A-41-A21V-30,0F604D99-83B7-49CE-AF7A-686AE84884B0,LumA,Positive,Positive,Negative,pass,2.0,2.0,1.0,49,17,114,NO,,Missense_Mutation|Somatic|p.H1047R,Missense_Mutation|Somatic|p.R273C,,1.0,,1.0,1.0
TCGA-AR-A1AV,AR-A1AV,TCGA-AR-A1AV-01A-41-A21V-30,DFAD944C-F5C0-4ABB-BFEB-42FB15387105,LumB,Positive,Positive,Negative,pass,2.0,2.0,3.0,50,17,115,YES,Frame_Shift_Del|Somatic|p.A442fs,Missense_Mutation|Somatic|p.H1047R,,,1.0,0.0,0.0,0.0
TCGA-C8-A135,C8-A135,TCGA-C8-A135-01A-41-A21V-30,415018E1-E65E-4C55-BE91-1B52165535FA,Her2,Negative,Negative,Positive,pass,3.0,3.0,2.0,51,17,116,YES,,,Frame_Shift_Del|Somatic|p.C242fs,0.0,0.0,1.0,,
TCGA-A2-A0EV,A2-A0EV,TCGA-A2-A0EV-01A-41-A21V-30,38F98E5F-7FA4-4C89-8D81-516CF865BEEB,LumA,Positive,Positive,Negative,pass,3.0,3.0,2.0,52,18,114,NO,,In_Frame_Ins|Somatic|p.E469in_frame_insDK,,,,0.0,0.0,0.0
TCGA-AN-A0AM,AN-A0AM,TCGA-AN-A0AM-01A-22-A21W-30,21E7061F-3956-42E8-83D4-3405C8B872A8,LumB,Positive,Negative,Negative,pass,2.0,2.0,1.0,53,18,115,NO,Frame_Shift_Ins|Somatic|p.A332fs,,,0.0,0.0,0.0,0.0,0.0
TCGA-D8-A142,D8-A142,TCGA-D8-A142-01A-41-A21V-30,38E95741-C1B6-4596-9A4A-E84FCBDDAEF5,Basal,Negative,Negative,Negative,pass,3.0,3.0,2.0,54,18,116,NO,,,Missense_Mutation|Somatic|p.P278A,0.0,0.0,,1.0,1.0
TCGA-AN-A0FL,AN-A0FL,TCGA-AN-A0FL-01A-12-A21V-30,4278A6C5-46C0-4A56-9DC3-0BE5A704592C,Basal,Negative,Negative,Negative,pass,1.0,1.0,4.0,55,19,114,NO,,,Splice_Site|Somatic|e6-2,0.0,0.0,,,
TCGA-BH-A0DG,BH-A0DG,TCGA-BH-A0DG-01A-41-A21V-30,493B2E40-0C24-4A66-8E96-AFC083F9D36C,LumA,Positive,Negative,Negative,pass,2.0,2.0,1.0,56,19,115,YES,Frame_Shift_Ins|Somatic|p.P409fs,,,0.0,0.0,0.0,0.0,0.0
TCGA-AR-A0TV,AR-A0TV,TCGA-AR-A0TV-01A-41-A21V-30,4E42E4AA-1D19-41B6-95F1-AFAB054484F4,LumB,Positive,Positive,Negative,pass,2.0,2.0,3.0,58,20,114,YES,,,Missense_Mutation|Somatic|p.V216M,0.0,0.0,,1.0,1.0
TCGA-C8-A12Z,C8-A12Z,TCGA-C8-A12Z-01A-41-A21V-30,26C6D77F-B2D2-4B3D-B3DE-E4BA833043FC,Her2,Negative,Negative,Positive,pass,3.0,3.0,2.0,59,20,115,NO,,,Missense_Mutation|Somatic|p.R342P,0.0,0.0,,1.0,
TCGA-AO-A0JJ,AO-A0JJ,TCGA-AO-A0JJ-01A-31-A21W-30,5D291C2E-C994-4EB9-A41F-A5B2AEA5E2F3,LumA,Positive,Positive,Negative,pass,3.0,3.0,1.0,60,20,116,NO,,,,0.0,0.0,0.0,0.0,0.0
TCGA-AO-A0JE,AO-A0JE,TCGA-AO-A0JE-01A-41-A21V-30,338B6115-5B84-407A-B192-D159D0911ECB,Her2,Negative,Negative,Positive,pass,3.0,3.0,2.0,61,21,114,NO,,Missense_Mutation|Somatic|p.E542K,Missense_Mutation|Somatic|p.Y220C,1.0,,,1.0,1.0
TCGA-AN-A0AJ,AN-A0AJ,TCGA-AN-A0AJ-01A-22-A21W-30,C5A0BFF7-0986-4899-9C76-136E6975B6C8,LumB,Positive,Positive,Positive,pass,2.0,1.0,4.0,63,21,116,NO,,Missense_Mutation|Somatic|p.H1047R,Frame_Shift_Del|Somatic|p.G108fs,,1.0,1.0,,
TCGA-A7-A0CJ,A7-A0CJ,TCGA-A7-A0CJ-01A-32-A21V-30,60FB8576-F48D-468C-BFB2-10D85ABE5EE5,LumB,Positive,Positive,Negative,pass,2.0,2.0,4.0,64,22,114,YES,,Missense_Mutation|Somatic|p.Q546R,Missense_Mutation|Somatic|p.R175H,,,,1.0,1.0
TCGA-AO-A12F,AO-A12F,TCGA-AO-A12F-01A-41-A21V-30,C83266B5-4646-4276-AE08-8377DD167C10,Basal,Negative,Negative,Negative,pass,1.0,1.0,4.0,65,22,115,YES,,,Silent|Somatic|p.T125,0.0,0.0,0.0,,
TCGA-A8-A079,A8-A079,TCGA-A8-A079-01A-12-A21V-30,78BE574D-47B9-4AA1-A641-3C910D15E4E8,LumB,Positive,Positive,Negative,pass,2.0,2.0,4.0,69,23,116,NO,,,Missense_Mutation|Somatic|p.S215I,0.0,0.0,,1.0,1.0
TCGA-A2-A0T3,A2-A0T3,TCGA-A2-A0T3-01A-22-A21V-30,6852C229-0CC2-45DF-B0FE-9543C97363E3,LumB,Positive,Positive,Negative,pass,3.0,3.0,4.0,71,24,115,NO,,,Frame_Shift_Del|Somatic|p.E287fs,0.0,0.0,1.0,,
TCGA-A2-A0YD,A2-A0YD,TCGA-A2-A0YD-01A-41-A21V-30,34F2F861-7879-47F7-899F-EABCDF52CF0A,LumA,Positive,Positive,Negative,pass,3.0,3.0,2.0,72,24,116,NO,,Missense_Mutation|Unknown|c.3140,,,,0.0,0.0,0.0
TCGA-AR-A0TR,AR-A0TR,TCGA-AR-A0TR-01A-41-A21V-30,8983EE38-2F15-4A7D-A223-0F406154D971,LumA,Positive,Positive,Negative,pass,2.0,2.0,3.0,73,25,114,YES,,Missense_Mutation|Somatic|p.N345K,,,,0.0,0.0,0.0
TCGA-AO-A03O,AO-A03O,TCGA-AO-A03O-01A-41-A21V-30,489780C2-836C-4CD9-B445-48CF1E4EEEA4,LumB,Positive,Positive,Negative,pass,2.0,1.0,3.0,74,25,115,NO,,In_Frame_Del|Somatic|p.KIL111in_frame_del,Missense_Mutation|Somatic|p.R175H,,,,1.0,1.0
TCGA-AO-A12E,AO-A12E,TCGA-AO-A12E-01A-41-A21V-30,5D139E82-D73D-4218-A0EC-FE0D524EB6CD,LumA,Positive,Positive,Negative,pass,2.0,2.0,3.0,76,26,114,YES,,,,0.0,0.0,0.0,0.0,0.0
TCGA-A8-A06N,A8-A06N,TCGA-A8-A06N-01A-41-A21V-30,77457015-87C7-44C5-AAB8-9BC12A378B4E,LumB,Positive,Negative,Negative,pass,2.0,2.0,1.0,77,26,115,YES,,,,0.0,0.0,0.0,0.0,0.0
TCGA-A2-A0YG,A2-A0YG,TCGA-A2-A0YG-01A-41-A21V-30,FD5B5379-E9D1-4B05-AE35-29BD73F0C37F,LumB,Positive,Positive,Positive,pass,3.0,2.0,4.0,79,27,114,NO,,,Splice_Site|Somatic|e3+1,0.0,0.0,,,
TCGA-BH-A18N,BH-A18N,TCGA-BH-A18N-01A-41-A21V-30,07A4C1AB-E54D-46DF-9C58-22C32C721331,LumA,Positive,Positive,Negative,pass,2.0,3.0,2.0,81,27,116,NO,,,,0.0,0.0,0.0,0.0,0.0
TCGA-AN-A0AL,AN-A0AL,TCGA-AN-A0AL-01A-22-A21W-30,41FD8A09-28E8-4354-A9C0-9D7F8E7F5E77,Basal,Negative,Negative,Negative,pass,1.0,1.0,4.0,84,28,116,YES,,,Missense_Mutation|Somatic|p.R175H,0.0,0.0,,1.0,1.0
TCGA-A2-A0T6,A2-A0T6,TCGA-A2-A0T6-01A-41-A21V-30,E850D3CB-C543-42C6-B66E-590D42068968,LumA,Positive,Positive,Negative,pass,3.0,3.0,2.0,85,29,114,NO,,,,0.0,0.0,0.0,0.0,0.0
TCGA-E2-A158,E2-A158,TCGA-E2-A158-01A-31-A21W-30,B1864B5A-73A3-42F7-B079-30FD70EC3136,Basal,Negative,Negative,Negative,pass,1.0,1.0,4.0,86,29,115,NO,,,Missense_Mutation|Somatic|p.I195T,0.0,0.0,,1.0,1.0
TCGA-AO-A0JM,AO-A0JM,TCGA-AO-A0JM-01A-41-A21V-30,9B0C316A-BF62-48A2-8150-0D62CFBF64A2,LumB,Positive,Positive,Positive,pass,2.0,1.0,4.0,88,30,114,NO,,,,0.0,0.0,0.0,0.0,0.0
TCGA-C8-A12V,C8-A12V,TCGA-C8-A12V-01A-41-A21V-30,F408E844-2235-4B1C-AF4B-455F1D6DCDD3,Basal,Negative,Negative,Negative,pass,1.0,1.0,1.0,89,30,115,YES,,,,0.0,0.0,0.0,0.0,0.0
TCGA-A2-A0D2,A2-A0D2,TCGA-A2-A0D2-01A-12-A21W-30,308CCD79-C164-4397-92BC-A1CD243C8E7D,Basal,Negative,Negative,Negative,pass,1.0,1.0,4.0,91,31,114,NO,,,Frame_Shift_Del|Somatic|p.P318fs,0.0,0.0,1.0,,
TCGA-C8-A12U,C8-A12U,TCGA-C8-A12U-01A-41-A21V-30,01F3C352-47F7-410E-9CF4-887A03DAFABA,LumB,Positive,Positive,Negative,pass,1.0,1.0,4.0,92,31,115,YES,,Missense_Mutation|Somatic|p.H1047R,,,1.0,0.0,0.0,0.0
TCGA-AR-A1AS,AR-A1AS,TCGA-AR-A1AS-01A-41-A21W-30,F81FE10A-9216-407E-8F89-353EBED0AE0E,LumA,Positive,Positive,Negative,pass,2.0,1.0,2.0,93,31,116,NO,Silent|Somatic|p.S138,Missense_Mutation|Somatic|p.E545A,Missense_Mutation|Somatic|p.R175H,1.0,,,1.0,1.0
TCGA-A8-A09G,A8-A09G,TCGA-A8-A09G-01A-41-A21W-30,C5876F52-95FE-4E30-9794-23A9E3626E32,Her2,Positive,Negative,Positive,pass,1.0,2.0,1.0,94,32,114,YES,,,,0.0,0.0,0.0,0.0,0.0
TCGA-C8-A131,C8-A131,TCGA-C8-A131-01A-41-A21V-30,B913C159-CDEE-4E24-83B9-6684AC99DC92,Basal,Negative,Negative,Negative,pass,1.0,1.0,1.0,"2,95","01,32",115,YES,,Missense_Mutation|Somatic|p.R108H,Missense_Mutation|Somatic|p.R175H,,,,1.0,1.0
TCGA-C8-A134,C8-A134,TCGA-C8-A134-01A-41-A21V-30,84EE7A53-EDCF-4A56-AF7F-A31AAFF61489,Basal,Negative,Negative,Negative,pass,1.0,1.0,4.0,96,32,116,YES,,,Missense_Mutation|Somatic|p.R273H,0.0,0.0,,1.0,1.0
TCGA-A2-A0YF,A2-A0YF,TCGA-A2-A0YF-01A-41-A21V-30,3997B4BE-9660-4703-8BB0-64ED6947CE07,LumA,Positive,Negative,Negative,pass,3.0,2.0,1.0,97,33,114,NO,,,,0.0,0.0,0.0,0.0,0.0
TCGA-BH-A0DD,BH-A0DD,TCGA-BH-A0DD-01A-41-A21V-30,72FA5D39-4619-4C9D-8E36-8289FFEE342A,LumB,Positive,Positive,Positive,pass,2.0,1.0,4.0,98,33,115,NO,,Missense_Mutation|Somatic|p.H1047R,,,1.0,0.0,0.0,0.0
TCGA-BH-A0E9,BH-A0E9,TCGA-BH-A0E9-01B-22-A21V-30,94EA3682-28B6-429A-82D9-E6A8FF8A916D,LumA,Positive,Positive,Negative,pass,3.0,3.0,2.0,99,33,116,NO,,,,0.0,0.0,0.0,0.0,0.0
TCGA-AR-A0TT,AR-A0TT,TCGA-AR-A0TT-01A-22-A21V-30,FE8CA21C-42B7-42E5-94D7-AD39E084A6F5,LumB,Positive,Negative,Negative,pass,1.0,2.0,1.0,100,34,114,YES,,,,0.0,0.0,0.0,0.0,0.0
TCGA-AO-A12B,AO-A12B,TCGA-AO-A12B-01A-41-A21V-30,93587313-7662-4387-B0FE-F2540E326F40,LumB,Positive,Positive,Negative,pass,2.0,2.0,3.0,"3,102","01,34",116,YES,,,,0.0,0.0,0.0,0.0,0.0
TCGA-A2-A0SW,A2-A0SW,TCGA-A2-A0SW-01A-41-A21V-30,72EBF4A2-D75B-4344-B128-979DEC315C24,LumB,Positive,Negative,Negative,pass,3.0,3.0,1.0,103,35,114,NO,,,Missense_Mutation|Somatic|p.R273C,0.0,0.0,,1.0,1.0
TCGA-AO-A0JL,AO-A0JL,TCGA-AO-A0JL-01A-41-A21W-30,5B9A3A9B-6B61-4F0A-A128-7D7F2128F281,Basal,Negative,Negative,Negative,pass,3.0,3.0,1.0,104,35,115,NO,,,Nonsense_Mutation|Somatic|p.R306*,0.0,0.0,1.0,,
TCGA-BH-A0BV,BH-A0BV,TCGA-BH-A0BV-01A-41-A21V-30,DC28B832-FFDA-445D-B37C-4139E91E7B6D,LumA,Positive,Positive,Negative,pass,3.0,3.0,1.0,105,35,116,NO,,Missense_Mutation|Somatic|p.E545K,,1.0,,0.0,0.0,0.0
TCGA-A2-A0YM,A2-A0YM,TCGA-A2-A0YM-01A-22-A21W-30,68C8F498-7D3E-4647-8484-34BB53EE474B,Basal,Negative,Negative,Negative,pass,3.0,3.0,1.0,106,36,114,NO,,,Frame_Shift_Del|Somatic|p.R333fs,0.0,0.0,1.0,,
TCGA-BH-A0C7,BH-A0C7,TCGA-BH-A0C7-01A-31-A21V-30,6F4E2BA5-55FF-4D87-AACF-4A0080FCC24E,LumB,Positive,Negative,Positive,pass,3.0,3.0,3.0,107,36,115,NO,Frame_Shift_Del|Somatic|p.N332fs,,,0.0,0.0,0.0,0.0,0.0
TCGA-A2-A0SX,A2-A0SX,TCGA-A2-A0SX-01A-41-A21V-30,40585558-F251-4DE4-86B1-380837E36F73,Basal,Negative,Negative,Negative,pass,3.0,3.0,1.0,108,36,116,NO,,,Missense_Mutation|Somatic|p.G199V,0.0,0.0,,1.0,1.0
